-1.61922671012369;-0.133534249816761;1.08936850753048;-0.841714283734759;0.422780361267885;-2.49208490903656;0.715946610559388;0.1477380943539;1.18833522875018;0.242421177348163;1.48798489535293;1.01387197563296;1.59605714198658;1.36113305374262;-1.69800771358024;-0.311842091457323;1.36267518083124;-1.30717704647149;0.744116805943606;1.40040989021396;1.42322408199078;-1.00774858952532;1.02207352704824;-1.93563926557951;1.15644379493855;-1.250631615364;-0.535353125129416;1.29780266379861;0.447138350435783;-0.276831981195646;-1.60633498037295;1.30926199394196;-0.0294666748520357;0.76947598906211;-1.34206379962974;1.09375525625054;0.14075912142509;0.993997225160319;-1.30279154476788;1.32018524620506;0.536995689336463;-0.0385963187810428;-1.16040262046696;0.842845071004774;-0.356120955115291;-1.95030612836301;0.776121078688718;-0.0629076270965617;1.35716315201444;-1.1566591383396;-0.260498396569457;0.0120895477214252;0.0592833936565826;-0.072728638459233;0.511801765720004;0.94362216734153;0.460384215789114;1.03225736743403;0.0124352463428339;-0.291002897561411;0.59110629894708;0.942305311432708;0.612650094282596;-0.608506577501649;0.248793606546377;-1.25633473158032;-1.32003241054549;-0.914423806273971;0.317584214074007;-1.62959249226814;-1.58757360552215
-1.19163777758625;1.11203605727943;1.15768342710072;-0.98349517684619;-0.473104427642631;1.28297531688505;-1.14701844151168;0.171435385357177;1.05446442791639;-0.499201441349313;0.799505809990632;-1.62621559803072;-0.192416867244939;-1.61974801495566;0.252293283040652;-0.559221296597719;-1.05131233504976;-1.38306633288374;-0.562235461298968;-0.828310880833905;0.636985558369965;-0.617237351278904;1.12730987251308;-1.15910479928832;1.58393757632144;0.640138242433953;1.39323804556207;-1.17341411583484;-0.437079076019387;0.906808861745243;-0.0225985753832938;1.36134427333825;0.785301788254926;-0.516134011211314;-0.220313884276541;0.974865920893255;0.468911457718084;-0.961906384839203;-1.14500992491987;1.45584056312697;0.173279076716494;-0.154411538031016;0.2398015712056;-1.30972686461611;1.40910682436439;0.908812192777474;-0.380930900133524;-0.24987655060373;-1.0969943173288;0.804473391199543;-1.39526230479908;-1.17002605918167;-0.00975210191354487;1.35683956491715;-0.313371427031485;1.29407262404507;1.53079587203751;0.415976731110386;-0.463087795450861;0.427414844158617;-1.26196103667621;1.73177874863024;-1.14480562249706;-1.49372411326349;1.34217314765058;1.43727743549167;-0.98387359340162;-1.34242767935202;0.272880932079489;0.600145540085854;0.971172954779762
1.56386878333216;1.51308269822306;-0.353268385445619;0.727183415744942;-0.600956902567604;0.933228657802027;0.902080427431739;-0.686219717084312;-1.28752351405129;-0.615925623121408;0.114672510147854;-1.90225281522609;0.606702740102185;0.680627660520012;-0.532226143277239;-0.159990837938991;1.59924157428118;1.55479484761602;0.247694257664501;1.00376799763308;1.86251200420609;1.61743165522828;0.631283462088378;1.08308163355221;0.680147067810591;-0.521638178877223;-0.152964882383223;-1.09472341022467;-1.63646949534698;0.360049629370907;-0.636310289910861;0.564425823738198;-0.368302833912259;-1.77271041164523;-0.890305355011307;-0.729352432959092;-1.60396095004258;-0.531918489613394;-1.24972089770782;-0.885071676291599;-0.669286402117989;-0.4150151395246;-0.862636265010019;-0.266488071503469;0.46846520722124;1.69001690282094;-0.00128592626238431;0.159319198554307;0.427008997141477;0.315485823966409;-0.301810758579352;-1.22190625211385;-1.2518151288531;1.58677827490434;0.790776280018495;-1.46451102032931;-0.50109740982598;0.44026318385044;-1.74830978726638;1.70953940872665;-1.56900698590277;0.577647400337968;-0.816270253590363;-0.0878999944205055;1.70930329273459;1.19188439671355;0.592220561089058;0.355993757008784;-0.077973917871611;-1.2893074284474;-0.287889444319398
0.453960255241479;1.56457600449738;-0.23999530326169;0.603756857946504;0.245659003109951;0.821528570859256;-0.819065904806719;-1.28498371046657;0.735268277667914;1.31401773142466;-1.28886583430738;0.711216265630143;0.308794327388478;-1.15815005984556;-1.32666415039179;0.563716522575134;-0.176678857594455;-0.217854893135142;-0.643339473128379;1.94104495248426;0.133583721224402;-0.827496547477034;-1.4926598742444;-1.06236967866128;0.324813277795071;-1.02534608166586;1.3106555385763;-0.0981067406359123;1.39784550850372;-0.510802107150247;1.49114964849986;-1.49071092959668;0.334318031320179;-0.763612102309802;1.39749047703702;-0.245693202215801;1.92154642872031;-0.0583239600057257;-0.96367487745728;-0.308589655432249;-0.655390895188731;-0.0326145688165717;0.145899372530926;-1.02427031770914;-1.23573200327619;-1.13785865123045;1.15024010495582;-0.359993881310013;1.60557572708783;-0.95719859811439;-0.462836109544964;-0.620084997935299;-0.820600824195029;-1.22463057848715;1.46384815851861;-0.422891985092763;1.1294785694059;-0.547225888481813;-1.74384120679778;0.250766100648901;1.42959463431898;0.93898123408243;-0.660851874066942;-0.47849955178291;2.11211504330722;-1.51347090021526;-1.02317980492052;-0.554489844906705;-0.215524241592499;1.2803455042385;1.11351400350861
1.57172288326219;-1.00655804263229;1.47943219428134;0.733213353508112;-1.75915120767704;1.08202979118798;1.71847929439608;1.8202228006914;0.0531553199705938;-0.718571114094138;-0.622698803383419;0.12116457483715;0.390477028184287;-1.37878656120338;0.4013502884643;1.48665491853804;-0.704140237627757;-0.696464366361694;-0.60558971065387;-0.120916802494579;0.0178690887101777;-0.423250458990659;0.482765172483714;0.108901749079185;0.140991283609676;-1.33928498727595;-1.2177067951242;-1.37428313214583;-1.39009834360096;2.03927886861242;-0.233868700579009;2.05794848498353;-1.43549359859456;0.171020280012123;-1.23351781715931;-1.73153364245741;-0.506212993278669;-0.779769240821369;1.38258677987604;0.0241129431723084;1.18395433422707;-0.842006524985666;0.268840976534056;-1.58579493448046;-0.343212182124008;-1.29019239814809;0.445578892135662;-1.37412660389163;-1.20240101327512;-1.05201401813132;0.585341255356343;1.67461641058861;0.996200813012312;-1.08191315915794;-1.58453201292181;0.507487886950022;-0.0123684022000168;-0.819280454813617;-0.823739197512938;1.3472737267652;0.700364765978759;0.714294929622441;1.81456163085877;0.00389022101570456;1.33578927691086;-0.549834516635129;-0.296795530953313;-1.01231101772741;1.26287075099707;-0.20977215570368;-0.548749355078386
1.26604349013187;-0.0924122251787565;1.046332401492;0.650671478917994;-0.408254862294005;1.19823882259511;0.358874939787711;-2.11068236129536;-0.568908679797701;-0.120166662687872;-1.5571440844364;1.27326631562059;1.36222342745595;-0.919615905026363;-0.316167691705165;-1.27972053594987;1.10376027308052;-0.476322673935517;0.587970940090265;0.200945740609929;-1.69598390696922;-1.6027801319877;1.45205888949946;1.2542401187981;-1.59206896915824;-0.569298633621372;-1.69893894496097;-1.16414914208225;-1.75684502243402;0.268904759314921;0.277147854363356;-1.08210092611846;0.752556807974471;0.193727455336868;0.952821105157425;-0.136850081284306;0.930029707940162;0.426275233868359;0.77310718864538;0.489728926925149;1.09077244705795;-0.567535830991735;1.17280641110995;-0.614098137397187;0.173570211958532;1.20568230024707;-1.57514515927225;-0.70657923928383;0.0461981504225393;-0.606133495044804;0.810655494635679;0.47847318227378;-1.3187822263124;1.15911463629561;-0.627428405802085;0.639004883927213;-0.0757740866935318;-1.40561138095428;-0.0534932563981017;1.23292524911446;0.919183217794326;-0.0360459791323316;-1.91620848277142;0.325906448955473;1.49678156480406;0.880432381882171;-1.2945682729225;-1.24964275111683;-0.0729297427115494;-1.70355830336977;-0.731581861336485
-1.24321934667702;0.356399767024014;-1.88643784135478;0.522133154892566;0.98718588269406;-0.891855815928014;-0.0913360145282622;-0.898514918289988;-0.814339206584038;-0.201326228411803;1.18311946076018;0.75825568966218;0.856473712273675;1.39675571184898;0.938436492567157;-1.45688297427635;0.97188595076649;-0.65716925240634;1.71708903129954;1.37763201044732;1.24262305972677;1.77441111409922;1.01847633792679;0.75017326752396;-0.768363586066087;-0.638810213456154;-0.852796123311582;0.034224943302203;1.33258273029599;0.54288935462853;1.2029681031242;0.764963406335823;-0.569700126947229;-1.87894445399213;0.904937271611505;-1.11796019391638;-1.42798225821026;-0.687234538392601;0.712821060503744;0.0950962634928076;-2.18392191580787;0.905136581972179;-0.860692712126627;0.632707821620935;-1.4565288388266;0.925637616894711;-0.975210770865073;1.24037903756231;-0.667925523243632;0.491122230647664;-0.961158782581135;1.42651055268805;0.0304799986395175;-1.07110132573495;-0.167570708252059;-1.77714315276414;1.01521067154731;-0.741814426767229;-0.515203803216316;-0.927354147029063;1.26037440006499;-1.35309618376365;-0.0535312837340289;0.188078604086798;-0.379867158432618;-1.44908070054136;-0.55019228505811;0.620758353776166;-1.04136681914861;0.577048844212648;1.73743777873577
0.320552526456668;0.193930757676356;0.122588775098494;1.62529316230968;-1.46377199660267;0.822323434479001;-1.0192743447922;0.916468358264026;0.360711376960353;-1.42054168508581;-0.412637193838003;-0.787019135729261;-1.01855611907974;0.322282794800469;1.64721916419238;-0.694316089707083;-0.919749755910036;0.453920067662218;-0.25906762017539;-0.515748761777279;1.5073566877368;1.57282595399992;-0.67235784871785;0.675892212860696;1.29336971208381;-0.687455413516045;1.0499026374078;-1.3293457338075;-1.54307179935669;0.274450552986941;0.127389030211806;0.89267223930984;1.03628012628583;1.12484274928572;0.513603258886942;-0.504354153994277;-0.972069528386566;-0.92740317769662;0.140332569750062;-0.135868893008009;0.599550594599624;-0.152862768817278;1.56612154799138;-0.412298211350593;0.277357564659395;1.88709300034125;-0.769736174040569;-2.00293602230989;0.00573857362147255;1.02891673773089;-1.34670184385286;-0.686941926271767;1.10927304245085;-0.852035081120848;-1.70149814464382;0.43042031264955;-0.968329214611307;1.16322575238174;-1.36958620912394;1.16629752231837;1.93139857927703;-1.63192423472201;0.948674212403376;-1.07285950585072;0.394428423782881;0.810959466038967;-0.0441067325937747;0.289283769753381;1.59737707812308;0.551185009989243;-1.48238031129238
-1.56049314306133;-1.10276483767;-1.68340448907709;0.663243481064527;-0.147606173368022;-1.29852116890051;-1.62171754772888;1.7622237990903;1.39504368683779;-1.55278854506713;0.926951256268669;0.0722960906463569;-0.827986897608169;-0.574806473718037;-0.58014413035293;1.49605299709785;-0.0801019099316545;0.662328852556837;-1.41421636989793;-0.993214347538675;-0.719130457829828;-1.04667143889582;0.775421525125414;0.0215578320902034;0.620316597000668;0.945563718657577;1.09450445446619;1.02280065918605;1.12718645887185;0.00731042971684365;0.727318942054112;-1.22341588634317;1.66955981688731;0.672279837075127;-1.86744034345111;-1.37719281050113;0.776153942509153;0.0525815187650071;-0.0783397020510273;-0.20573268247092;-1.06729655403196;1.26792134361898;-1.42848350325694;0.487121381833985;-0.861949327531912;-0.202578487639914;0.165683839889414;0.745317237155579;-0.83682496855392;1.51202145993154;1.82012934049223;1.2707184157837;1.03562343975729;-0.284152710868359;1.31982747372651;1.54320727365279;-0.12613773893586;0.0318992139734696;-1.55488456603277;0.962792663051913;-0.157452289537853;-0.786380339696509;-0.948536011260815;-0.368910498366867;-0.38221496936599;0.289122048660197;0.468482118873167;0.170535366187709;-0.395231524265683;-1.0416672960943;-1.08113611161178
1.51576928293867;-1.23841150981384;0.433813012069605;-1.69121204412604;-0.433138034738315;-1.82179870946836;-1.30382831389425;-0.809964193961061;-1.17435165789109;-1.24445596510757;-1.39905839598307;0.295335425382352;1.4451310950186;-0.399338844563413;1.21970593657268;-0.263471535162239;0.482942241196694;1.04762390556123;-1.31198557164428;0.50569644870563;-1.10672375880106;-0.273276349040527;0.693334654850218;1.67706695925706;1.31563942635994;0.585091902502925;1.02487860597646;-0.845152708092734;0.0917827520391799;1.40747276860928;1.61738568555373;-1.07913798062592;1.4350811923006;0.96459182710838;-1.71153198374423;0.758148002547816;-1.30428070555243;-0.390431906960473;-0.753307370245649;1.09002645684219;-0.116891113449756;-0.885637536320549;1.0718090568396;-0.100941814187791;-0.514656511703968;0.55655727516125;-0.593523061543264;1.41092406063833;0.019963986267392;-0.754507310874862;1.59669405591351;0.599490987437104;-0.955667790599162;0.298519823050578;1.25782043418365;0.211639659101518;-0.687571638535326;0.398463023325571;-1.82276500824688;1.2301398891342;-0.470736671007155;0.778166584681806;0.653892320774492;-0.890936065866243;-0.773855428638022;1.19929130804301;0.731405018676878;-1.40577613602066;-0.248329473939182;-1.57287116784468;-0.901086949396612
-1.13875192624234;0.0249491324779627;-0.330575844919069;-0.994926125688128;-1.63489016006787;0.727580059308819;-1.0288880084601;0.379894638327618;-0.528862265758699;-0.649147603891068;1.01052505352946;1.30936785136689;-0.875666414355688;1.5177419720719;-0.963288978120441;1.52767946136106;-0.899871831814144;1.09047986225588;-0.106103011114862;-0.76093720044814;-0.194651559879752;-0.291966962677801;-0.067419621039058;0.0114615944083507;0.747640333466277;-0.262178707786033;-0.180777658918119;-0.82392690956768;-0.203328328614314;1.68217249923454;-1.10489553329987;-0.209317782807377;-0.582618346012854;-1.51724946909521;1.01726469097353;-0.992019718759755;1.78587983291452;-0.279755092798475;1.64605332124762;1.32226462021534;-1.04606751554941;-1.66503959843312;0.92247062400418;0.147808895166379;0.0573120726884621;1.17907855348296;-0.486176100951695;-0.606439579940331;-2.06774695936667;1.66622914303473;-0.308936009375561;-0.76115767007839;1.30178849489946;1.16534802792093;0.790772946535873;1.06087702140532;1.57878516214517;1.12479828993769;-0.111166975888455;0.387684471088146;-1.75176894300026;1.33897718382367;-1.12935317933607;-0.449947272155716;-1.51960818444576;-0.439964351878345;0.0476190664734425;-0.682110308892526;-1.21143111487128;-1.41382465644987;1.29506736480207
0.604863827369432;1.56108064574148;0.115007365939158;-1.31504226725183;-1.01532638739519;0.00819281634186218;1.47956852421633;1.40260182939066;0.821665488465718;-1.35793107173512;-0.475175280824128;-1.43303168406813;0.0968312544708633;-0.510732502997338;0.970704702021871;0.0493086036373544;-1.16704642171629;-0.720976757659348;1.80314302834858;-0.745776728310794;-1.36581795490991;1.55340178739609;-0.872556296566505;1.06126772035336;-1.26688346543127;1.70800153179889;-0.0168398979587241;-0.352272751647663;-1.02530306913541;-1.5015978279331;-1.69058319279234;-1.52070488078738;1.22324679413737;-1.75774256348128;0.129032703455653;-0.65158555183773;-0.574565654880553;0.714405693941762;-1.17974201742626;-1.03429742324417;1.66223952466457;1.23526561392003;0.279932291453278;-0.434666107719484;0.997283882559365;0.283685807980269;0.28751342354337;1.19775422890002;-0.850404912189694;1.00039664778566;-0.413481132162821;1.33362435769762;-1.72351932641459;0.685052494047252;0.693858528193412;0.72566969923476;0.451833352721758;0.830231210025105;0.995048067718585;-0.26589614838897;-1.68161543673109;-0.0927238055938808;0.682754014480682;-0.0715142170206231;1.51157188738938;1.43695841036652;-0.168646752298238;-0.491865186794304;0.877011534750139;0.0888700023405076;-1.31479364318406
0.230797025140554;1.58300070477887;0.701946733472005;-0.712157881564596;-0.758907720870134;-1.00942433937621;0.960858450064401;-0.819963939334057;-0.016374557671724;-0.579494301045266;0.40938891251966;-0.69469795074088;-0.510635701084121;1.82905038955197;-0.98041741928611;-1.64582567655784;-1.00363744113071;-0.455293293390474;1.75892368225534;0.28936392442245;0.909593148027653;1.41807738746906;1.73312325545636;-1.42584771708925;0.101394169859249;-1.17896585054288;-0.716721206118032;0.410564750826561;1.25363734386405;-0.588263498355864;-1.11256440629364;-1.50860748788804;-0.340458793167741;1.42588218172738;1.07390145305343;-1.52186053536192;0.00996342456706026;-0.00909251507122681;-0.451774967722021;0.311812603913237;1.49616571190989;0.361228963178678;-0.284900481189675;-1.00559415936683;0.270583538733691;-1.12220468584163;0.193948695472667;0.223905247426348;1.43985087113508;1.05578618128739;-1.21521580895024;-1.08841582314108;1.93782751670865;-0.799185210728491;0.391075651292141;0.799158925150922;1.90973653211778;0.396379522753057;1.7806332582051;-1.00745291748085;-1.3164325632341;-0.765780030092189;-0.556706520804289;-1.09601631258133;-1.03225169786725;0.475166948494664;1.46635464250491;0.0412668669531822;-1.23594479494579;-1.22028369424109;0.848130242590512
0.965769922092478;1.0205012751194;-0.369864083137637;0.539307906133712;-1.30296819185227;0.0659818290687354;1.00187372539998;0.161482125935058;-1.0345113517892;0.384487990141095;0.584548538219586;0.871471727704952;1.26158790738099;-0.572808839498484;-1.44069309519935;-1.12886285664462;-0.779399929627314;-0.615869938686902;-1.70882645280693;-1.73504445838206;1.10622512566397;0.209503347834473;-0.671371625799792;-0.0731158555275497;0.71628639410083;-0.705456510001374;-1.10897742937906;1.83558726678231;1.61015119883027;-0.47969634551645;-1.36274562522401;-0.593306995350964;1.08492025770839;-1.1321719446066;-0.650623837704053;-0.71704927986719;-0.0704077418114106;-0.0311027203315676;0.075915804924583;-1.0955255547975;-1.35960531671427;-1.82900782845964;0.651816966604785;0.36543641089666;-0.560976856830509;0.110446167968036;-0.33021653193789;1.17370759855739;-1.85006365531131;0.231545946845263;0.163753861155942;-1.08662029870341;-1.65418208135861;-1.77515660303102;0.927046793022306;-1.1500998780666;-0.204592715640679;1.3987364593778;1.17131710562326;0.904467890711717;-1.16447501652844;1.10860662682375;0.723769750536231;1.55866892105064;-0.52721496395006;-0.761648296293883;1.45014750993482;0.708376923913099;-1.44002191728821;1.0986602237779;0.0517060390312008
0.949028476108073;1.32602426706238;1.23939299492322;1.29649249700552;1.09035626332508;1.39047713155497;0.736458870886805;-1.19315678302131;-0.829008439550826;1.13227709663331;-0.356363882150664;1.3538595767553;-0.167212293494415;0.909424805593983;1.31888904632864;-0.734819124349757;0.838067944068252;-0.467164173752569;-1.48972026172551;1.16556346342262;0.388712651519052;0.612217162388889;0.399007969084966;-1.47671425988484;-0.509196664805813;-0.31521839832274;0.827524125853581;-1.15053349976067;-1.35827882255754;0.382803201723553;0.769225159485608;1.02162507795727;-0.438030943617829;1.41642539336042;1.00336327726865;-0.838637611890172;-0.906179854307861;-1.0476154285228;-1.44197215882456;-0.576361166605763;0.880456887770241;0.955847047442238;0.526070068930579;1.49595708364029;1.1195253091586;1.35342725913624;-1.06390309357685;-1.1886242641751;0.216538366803246;-1.21960843105263;-0.93008115464058;-0.537602667786767;-1.6319709407848;1.13711791738074;1.25260462163628;-1.22156207048346;-0.620142974535717;1.12808481896479;0.109301136644793;-0.211550390092483;-1.14749740055733;0.287575480215151;-1.44519958671586;0.391835042248765;-1.26666359162804;0.177148313192414;0.276704648481112;-0.0279498299053239;1.47987221859382;0.583937880127038;-1.51550885953634
-0.195089654640412;-0.660081368127451;0.448042647379795;-1.47506644141244;0.936151225058821;-2.00989314529203;0.29850099544157;-1.44970433363207;-0.3322114237995;-1.17697600249878;0.256936944142452;0.0753845842521922;1.4727191276437;-0.675963620111534;-0.598392329541936;0.929920067215991;-0.229759164308338;-1.51402443466198;0.437950265474702;1.23262433315803;-0.742465886740519;-0.0923597482606681;0.0249879697191524;-1.15400977512936;-1.38608210848426;0.678852525165084;-1.7866525322812;0.951143822760098;-0.849234032056285;-0.782503725652232;0.47112542339039;-1.43488141286466;0.988575168848072;-1.68687495451287;0.0895640909639808;1.45665482326967;-0.820249439760193;0.657274428524002;-1.62740570806589;-1.41807263010038;0.56197098140575;0.569479269211737;-1.39615612034216;-1.50488607050932;-0.333593511333478;-1.73553759124565;-1.4311254807963;-1.02856014078361;0.31336952106649;0.522020497293997;-1.42249850707849;-0.516986626286019;-1.1365775177415;0.527833937904189;0.236830629528428;1.52576959234347;0.720420347484949;-0.161187755487723;1.35473136682542;-1.40447089498436;1.33311213705083;0.721422865877683;0.98757226094359;-1.43120229585577;0.195575983195944;-0.26648319765791;0.498013676685708;1.43920887941928;0.748204005717958;-0.509430065765942;-0.213108173011134
0.631505062827559;-1.74251843291517;0.423156184695387;-0.665929755077408;0.552797834470499;0.423307827251471;-0.804669646274712;0.657735007859666;-1.15941803036009;0.716684145437022;1.1583352916908;-1.35570725604058;0.179022038023666;-1.14077462475499;-1.39531605788382;1.58551178419732;-1.36413008243514;-0.473165683585815;0.493116372298281;-1.06628021102468;0.717207135277726;0.934539171347853;2.00226243169591;-1.27861562660168;1.7224020070879;1.51464354414985;-2.25672687415566;0.283646537492738;1.51644742036633;-0.683875245119812;-1.17936321401817;-0.496346170125317;-1.07821660183571;-1.72436410043844;-0.588571094812413;-0.473112844464422;0.117415365719375;0.00690201409688551;-1.56274354200146;-0.164244650288332;-0.377039661451185;0.703181114861411;0.963609330857704;-0.540732023168213;-1.22024151517378;0.0257325838138253;-0.976808873031864;1.65599308256895;-0.361196313483899;0.544101385183732;0.20331297278193;-0.0690508553367148;-1.92505635670674;-1.04910070126154;0.498531570820039;1.38003539713316;-1.64246288640558;0.139125555838544;-1.27844002608358;0.794611977139308;-0.486597978841088;1.07896444155304;0.988116770812014;0.904108186813648;-0.11131235652018;-0.776175112633217;1.60948100089204;-0.440815597761893;1.26035649571872;1.17454329259215;-0.998844180485265
0.146716696082981;-0.417320261175714;-1.13031010502371;1.20151138903955;1.56766478195977;1.56686226513657;-0.0948684969218021;0.890563465118586;-0.295179176824421;0.661645444417848;-1.43655076019877;-0.596292669708034;-0.634081265876559;0.760822682875189;0.266940894915469;0.0221211051869489;-1.65251299616172;-0.260289856714917;-0.396713562157265;-0.509110722031649;-1.26722501042832;-1.13098726179673;-1.19232029587049;-1.35346198627159;-0.415229175139546;1.47975724072347;-1.59098942531014;1.35332934426927;1.04631360860982;0.156728563597748;1.127423670005;-1.34534145862586;0.353325766233776;-1.15034349676154;1.62410817896837;-1.20020416312165;1.07254244645643;-0.493124668125263;1.31947522333897;1.28477526013116;-0.113974689007668;-0.0886160017540772;1.23044534786456;-1.38048128475384;-0.501104940889899;0.674800228049556;-0.341637343878892;-1.54791409318112;1.08850733391402;1.16923487445545;1.33041083722246;-1.66359141082001;-0.959597355568325;-0.435823562273605;-1.5229263635878;-0.977371509137475;-1.18512034903991;-1.05278723198414;-0.700413478376457;1.35693638079088;0.879227517628419;0.0890869279648128;-1.34379411995206;1.25896921412612;0.864531072971608;1.35413674714345;0.395032284367361;-1.44662148107542;1.08394559035837;-0.0549848254079205;-0.0599608318386203
0.444992200069271;0.584326740869953;-0.0529177724864967;0.85567535045312;0.505465241157749;-0.362249860438481;-1.81339640897841;0.612356725335917;0.92366264391741;0.254936625521026;-1.8173766948176;-1.7407315250504;-1.48925403269904;0.477388812712312;1.07515710969545;0.513503194851712;-1.2695147966858;-1.40390049466155;0.379068911914924;1.4835682930925;0.801899882301821;1.60342202831561;1.38782895776582;-1.62345951962584;1.89107850435648;-0.403047114060806;-1.964835807346;-0.862115942108074;0.0189025122517997;-1.56864909106698;-0.72223586643028;-0.601685408394177;-0.566597820009038;-0.812757751080983;-0.666111032184096;-0.6133522639789;0.914177380403821;0.246435802325562;-0.111659771532385;1.4506392172912;-1.78194644538264;-0.250926245024477;0.113235840943314;-0.0552131337437209;1.16497293236208;-0.292581266802101;1.56144855509299;-0.895772275499196;-1.54697789916133;-1.33551537795931;-0.160852457877574;1.61450024638604;-0.89168665525029;0.232901221505704;1.29822062590852;0.421181592124654;1.37575156109828;-0.487865312431225;1.71434857620826;-1.28684606446535;-0.324944377856069;1.14190837361046;-0.91408983091185;0.867585294602128;-0.969846241554192;0.808085742029949;-0.143102422426405;1.10144826634379;-0.939558332837649;0.0481571403713025;1.40235463156874
0.149681021441906;0.0982229411747369;0.966098018242626;1.52801905170832;-1.04078610569177;-0.372876216680402;-0.280530229575398;-0.679286546733915;-0.272765405849271;-0.258521556423258;1.2709743777621;-0.935890399198891;-0.754596181082672;0.276258827951007;-0.641171816208728;-1.53787760790672;1.82992855756303;-0.169185129768604;0.648090297528531;0.0945431455118894;-0.0279272199403531;0.995440022805528;-0.766692319611747;0.496671949249611;-1.2715064926412;-0.927565466903186;0.906158802459345;-1.11043226949234;-1.71234436785899;-1.7575538420967;-1.28686855838262;1.64110030831564;0.813147959622613;-1.33279920521716;1.67678854331627;-0.206327409522338;-0.105263758507412;0.431480403159168;0.343596220222833;-0.930782991242532;0.153143902594137;-1.64852858921269;0.154543973431557;0.929807784116779;0.205249220507714;0.899885969498105;1.70742405399832;-1.03946345469498;1.34353901760978;0.518139347899209;0.35944608718334;-0.299812557066029;0.53567260282979;1.70178499722969;0.0701958208988556;1.05011053853707;-1.00832537505997;-1.3732870944393;0.7496204133183;2.19166076366668;1.03575925452792;-1.32005140549466;-1.1964713473614;-0.277668177387596;-0.529721679539402;1.73700188966139;0.143219180776574;-1.04748781084225;0.371690794367119;1.59911765700863;0.650128245862667
-0.617748705425485;1.40623355734855;-0.491242893249411;-1.94949014974382;-0.401407076377921;-1.05890047422204;0.247069556070946;2.010698204725;0.046751105954303;-0.644007570655963;-0.425025742081452;-0.594693684376068;-0.419312526012246;-0.222208381891858;0.883192563509103;-1.29781950266214;0.760540969755589;0.479686929321218;-1.23889552094803;-1.17941847159689;-0.96176104267175;1.17442481614809;0.242721925973447;0.00025332740162367;-0.713564156927606;1.0803101791132;-1.70761701887016;-0.269649198772827;0.456758211936861;-1.61746948492582;0.863273246390605;0.845006194384927;1.44829249339152;1.71830459454736;-1.5467144521282;-0.0951087351519655;-1.15786241294095;1.33029876170073;-1.8296286133324;-0.0883806902853866;0.218561374070539;-1.49164978736047;-1.35651356861564;0.223303097181758;-1.09917713504059;1.0266069252948;1.36491462227151;1.31218136230116;-0.0804971990385361;0.488677604752078;1.20118249990775;0.0837897287926499;-0.588398286380691;0.731448593648507;-0.237998676546298;0.086375963526675;-0.676679731706672;1.4188128347587;0.92004781775107;0.547824776192658;-1.32052336907418;-1.49195725445006;-0.556804652811574;-0.289228024500419;0.553773311547728;0.642103720421485;-0.307915731953646;-0.103513262800439;-0.858896728958485;-1.06355255488853;-2.06805820305183
1.27403723677786;0.409131169471705;0.85435544788748;0.279829600243736;-1.56747507936683;0.410176895473678;1.85182269724493;-0.863346781093279;-0.14656195562644;1.21141653803566;-1.01033646592366;1.64756806446156;1.81482323615335;-1.09056042738095;-0.865651139404435;-0.4082839827168;-0.762110078125232;-0.00483813799383689;0.525510906342476;-0.601739876746853;-0.58640438712484;-1.22333697011789;-0.200393036658432;-0.866460675776797;0.136694128247598;0.889417093979811;1.29320908270513;1.45642751157866;0.12641955572401;-0.512012853741693;-0.532264168174198;0.738550256920487;-1.00635372112265;0.789178918945122;1.82413901889934;-1.22537870585882;0.423261223912885;-1.7746401585135;-1.06147363309057;1.18796552975014;-0.788408649258374;0.652779277793167;-1.39736411773692;0.822345676942362;1.82569909453994;-1.37609257221914;-0.325240136299939;-0.822671005093683;0.0672473150543399;-0.809132121375802;-0.934103960194917;1.50791511429754;0.749065570204266;-1.7129423697233;0.876641319968625;0.86925669318539;-1.51869314295319;-0.305537883735643;-0.88331137165968;-0.847931566529791;1.90843827176192;-1.41349610923955;1.17215944271548;-1.42428359474324;0.403911059021654;0.466481239129978;0.591629537845742;-0.821798377168841;-1.05002885931085;-1.7341238470872;1.24247358231189
-0.980212368505844;-0.830753619445781;1.14708709635842;1.189811496409;0.732241523868683;1.50613791480848;0.942660272373394;-0.318043569631963;-0.701215283302551;-0.632152808531948;0.384571209055176;-0.0796695233815486;-0.695189466565195;-1.56108734312255;-0.0480035541309531;1.78898036598853;-0.814607487498438;1.40356067364312;-0.873515077963516;1.58969226872246;-1.18991210039157;1.30974247710273;1.50528338452273;1.05940997203753;-0.622151392572063;1.14792223472851;1.95456055747582;-1.20393613791856;-0.620771466514968;0.172922124560548;-1.17939719384775;0.996099330291195;-0.52344962124824;0.0365991295793298;-1.33506537963309;1.03113575941537;1.08161109044233;-1.38022586828793;1.37414525367931;0.544296146710152;-0.553485959735562;-1.21165038026868;1.03105148728409;1.54189025334585;-0.173936087736427;0.0549479087535635;0.0832941607755853;-0.945576649462088;-1.09700814744457;0.690021498649225;-0.433203653304434;-0.27753303781447;-1.34481918303027;-0.866098914932792;0.474050383246946;-0.356757413268887;-1.04368916538531;1.46521025052634;0.298591280878563;1.28139385725578;-1.38105917880466;0.651553732728803;-0.918204579382931;0.726063354892136;-1.00571971787797;0.892399815584564;-0.94459311650796;0.762189971545759;-1.59574129713428;0.146348024814549;-1.29625899496387
-1.39982613649102;-1.7659393087826;-0.115491422030693;0.248733851726456;-1.3473212442324;1.39874316054553;-1.87510268587728;-0.328715847372147;0.692308298613801;-0.991410435463825;1.06639183672017;1.41688738422893;0.14581574554504;-1.18778320657979;0.892939536314207;0.379004490976728;-1.39788954934258;0.997008459676246;0.590681852033667;0.096859265149366;1.22343098121958;-0.127950741357056;-1.70106987645443;0.405323022983515;0.474542211743176;1.41668650573196;-1.44534181079356;0.844549623900163;0.0820266999613722;-0.563280833477718;0.86695600065344;-1.73662479987038;-0.344877508941121;0.112146035892908;-1.13839328577722;-0.74035618234108;-0.00826342341465875;0.223340799949587;-0.0776537978131451;-0.546618296771863;-1.10247221551426;-0.143367688461732;0.992367127473257;0.380429310210067;-1.30089655905406;0.453581426851819;-0.0644481710419395;0.19931735336285;-0.479722621794436;-1.29372766265374;-1.59711254948072;1.16836889942788;-0.827493958634912;-1.53321067602251;-1.23871852868659;0.364033173560537;1.52015851849042;1.04251939274292;1.36069890258812;-1.31024714088143;0.846394637391721;-1.0234528061875;1.13231083223505;-0.667941751374557;-0.241172560739689;0.954385258347817;-0.13413092073711;1.46481115269434;1.39965937166034;-0.192528377119598;-1.45967566553444
-0.130447082261038;-0.873027665839722;-0.615086168204363;-0.411696818078084;-0.771419147292924;0.733948252480211;-0.75229146331895;-0.140861558076977;1.87553333711316;-0.28793808872594;0.504654458096642;-0.319686436537845;-0.49515324760274;-0.905913876564246;0.915602936292484;0.900745105103772;-0.786973777728238;-0.202462912423662;0.570850531816705;-0.604310675540698;1.05942709914979;0.653388039283247;-0.805143521918676;0.0908481455869099;1.58794972150106;0.716520051197821;-0.445710072032847;-0.916228684442067;-0.910653756242811;-1.87304001566446;0.195941352965588;-0.304809390730554;1.36414616660847;-2.11279481758974;0.293423271291298;0.261795566057001;1.92840267674362;0.7178471522733;1.2057718591518;1.61134819134981;0.828741579265677;-0.815185868226062;1.50923521582122;0.483250915809672;-1.05106816007515;1.44164737449178;-0.351735702136702;-1.63349222708469;0.515967148384661;-1.82093047478703;-1.16230017966159;0.156744513242158;-0.946170063212153;-1.35910103885289;-0.663067209186467;0.909136992494374;1.59895876789357;1.49941043126207;-1.01515311347335;1.01341403312375;-1.86946678279081;-1.75682528805792;-1.55981439879668;1.36048178730836;1.46854910854926;1.98363640141704;0.0719857367370546;-0.586170485942127;0.884213558810553;-0.859315735139769;1.0730498461018
0.559314183687175;0.718150199535249;0.380706202748686;0.823116254417441;-0.779381957601305;0.923503810292432;0.682269870600954;-0.77894001647;-1.09117688451673;-1.08060886513342;0.2590358541459;0.207482711049789;-0.458103975350346;-1.80238573255003;1.44851328813328;-0.717673607122138;1.0851543398244;0.754082296690145;1.40463119430389;0.802342504813152;-0.97048480629733;-0.370121621126932;-1.59064208145311;1.16667960293896;0.370338547828336;-0.719994115976286;-1.18080806352817;1.39074366828934;-0.943786865058932;-1.04094104461119;-1.46057533224932;-0.826539635129045;-0.479799276700516;-0.938714345471291;0.239943340184311;1.89300836363664;1.49025347687031;-0.0481350390585834;1.52668884686899;-0.990837515639405;0.0508396772229521;0.303064519908579;-1.18660612032871;0.116574005173256;0.973624628069458;0.489206193467493;1.3475360388383;1.52867306150437;2.03377984302847;0.948651799985986;1.44234838209398;0.614244833483768;1.27864292698814;0.399116804382097;0.632306622115451;-0.75386327880996;0.277988113750033;1.32623180292364;-1.7522211944565;-0.901383786179713;-0.328983938072809;1.03189355760364;-1.66466472861019;1.15802173748263;-1.12289060960161;-1.15299898919335;-0.788110527521572;-1.69721000879777;-0.0666606379742915;-1.67970774481646;0.0114938627328928
-0.778248980035683;0.997417525053639;0.601929677728622;-0.875092700670999;0.591180954345294;-1.30778616546465;0.300323526674288;-1.32940172987473;1.75366645716046;-0.843712832021516;-0.764356289035923;1.62931822402077;0.0108573780974095;0.103601290828339;-0.0824165961181747;0.36688582567905;1.16367411217057;0.192511576517923;-1.29289375936358;-0.557020175368169;-1.92541330006629;-0.284936531467428;0.938693728559677;0.983389453191655;0.44216836890399;-0.192708683639899;0.174830636528672;-0.508908729245698;0.843244447783876;0.489881000661531;1.3557881614228;0.210289643128349;1.91518084290816;0.136198607597372;0.364658911393291;-1.35627895395999;-0.27293468058692;-0.434868917851771;-0.907667334344225;-1.13358694217531;-1.25150823722632;0.924880848915761;-0.834992491223097;1.99611347769716;-1.11747070661938;1.59689184843796;0.408415318315049;-0.651709379357962;0.776486224646326;0.843414479803494;-0.380012943656592;0.262128315013967;-0.614388599752199;0.629330828808006;-0.213544618190622;1.94980082900422;1.51128654184539;1.13063371972872;1.16247318140002;-1.35129922515153;1.29520770881914;-1.36565005445706;0.326130625643113;0.169433138381211;-0.261267829959184;-2.00445695250393;-1.73781627505375;-1.13228006746281;-1.83252933203777;-1.00386500581986;-1.57251242446468
-0.4811778003109;-0.082148299375807;-1.45453928254107;-0.984938100498467;-0.302323705485943;-1.01463593111512;1.3212666934401;0.303742542352503;0.555796541630358;1.45280799910347;-1.33268242954295;0.397767312546419;-1.34305932776839;1.75377723050943;-0.128868697521297;-1.40640616244372;-1.17836754034925;1.85461851523816;0.771223996027222;-1.05500416513106;0.256638463470437;0.593726617791405;-1.34236350563505;-0.169957874437838;-1.03304693892146;-0.653324140367874;0.517499322525429;0.151434928106085;-1.02153310507024;1.53439421735558;0.0182132487597262;-0.623203840142409;0.17703856406862;0.579161935784343;-1.38854418291965;-1.56540612479395;-1.19105251604135;0.379608295303895;-1.54216346085609;0.847712321182834;-1.46368787579265;-0.345899370869878;-1.3546063624277;-1.02449261338982;0.617668577478766;-0.209307502097142;-0.164588801600038;0.509219202495796;-1.54583928906073;1.65319947391002;1.62400799788689;-1.16874023824772;-0.308740171718076;-1.26062210608852;0.0905128916295127;0.920240473296642;-0.0653307929337125;0.654225483889779;-1.22691128888964;-1.33005448033644;0.45134741288131;-0.273148030527168;-0.160355749218563;0.875187719357619;-0.00306323017535882;1.18258697114857;-1.47147035143322;-0.0484941056671765;1.50315888331276;-0.207512921418315;1.7560016867784
-0.0659276456725695;1.40939441689684;-1.71965064617955;-1.17485432196722;-1.11296397560725;0.451584436992192;0.74405312377499;0.943648597857558;0.543968488349963;1.20545074903738;-1.30429921931946;-0.668803475996255;-1.1143085288075;1.09913684614841;-1.09588601995833;1.61368405352786;-0.136796646058015;-1.3775141738217;-0.333150207655058;0.372854008862734;-0.344425053567208;0.166827529001523;1.90875250227582;-1.77195514912551;0.791468906389495;1.66058873047213;-0.752710014635714;0.651454369943566;0.977611480150446;-0.672649771206992;1.31580265347525;-0.029267477873376;-0.0345556036116521;0.972083264758665;-0.539956994464968;-1.05509507464856;-1.15196245224613;1.37557329822051;-0.97203404118318;-1.52496310697062;0.372791204378474;0.881991219516787;-1.08330562954218;-1.37024198591051;0.175749723077697;0.752935211764493;-1.07396447337579;1.18278557168084;-0.794702950589354;1.13346696563669;0.124088001279554;-1.00704695504502;-0.451082881883158;0.686460853827695;-0.310193435954195;1.70121711281954;1.27456907203405;1.50736853799818;-0.735937225896781;-1.14842402422395;-1.39313431340922;-1.2925139751874;1.48443542066039;-1.04972946589866;1.16185792084493;-0.55960012802765;1.42447097382892;-1.26638364251356;-0.0128921960636025;-1.72225659627488;0.688324967903335
-0.0939427379866323;1.26675305646976;-0.684051729764732;-1.41522381957409;0.52947415408419;-1.06113454069972;0.807654146424615;0.00940854447642736;1.368244413705;1.04160846521213;0.354088544713754;0.121433103078639;1.70729853364893;1.12574232888356;0.4690086272011;-0.998440794772943;0.954190613626115;0.119175671621859;-0.315112473735954;-0.881063062434386;-0.507240738330799;0.150157680710952;-1.51064216873252;1.20202637900197;-0.310530450961747;1.36154497636495;-1.59549659211326;-0.679501198330928;-0.971916625940698;1.21160697915852;1.64426238900899;-1.25579652055675;-1.37716766962987;-1.23870535237687;-1.39163524354411;-0.617261632453877;-1.12245203026489;0.865273467197199;0.987439541170453;1.17730131813264;-0.918107341967239;-0.246683886097665;0.031439052637688;-0.307586859360387;0.503425810803648;0.2728153534829;-1.68332348779669;0.0744150366515988;-0.773214967391786;-1.25846633517255;-1.24839440981263;0.625568781469341;-1.3417561648441;1.07565156685313;-0.715852198126204;1.28034624319833;1.14218985025799;0.0399496072164844;0.283103088105968;0.949867969839111;-1.51699635080333;-0.0890183207792558;-0.758441661910945;1.66182602059003;1.02647446999382;-0.409027236526477;-0.109682436311683;1.09431251326995;0.837305453551628;-0.495379008202756;-1.7312967701594
-1.35557936697221;0.449177506426559;0.237687686468156;-1.44998384113911;1.2725107618889;1.53896940330715;0.220499036795005;-1.26413005125911;1.01314802614281;0.931672952827613;0.022323040355019;1.93190931044206;-1.57680935687179;1.17327108574678;-0.800832445285401;-1.73446104584971;-0.427465411953742;0.852215543876021;-1.27963027389976;0.0415537630752897;0.792658452856222;-1.23487718307936;1.58079359608652;0.804848275734251;0.720875238336065;-1.2595486574823;-0.115503357760466;0.45501080615028;-0.66015594033904;-1.06042655118724;-1.03465132259974;1.14491564931983;1.31687805853885;-1.34422827864944;-1.3225129790129;1.43638753637983;0.189552970100864;0.811389811592481;0.149296548553971;1.46781765347439;-0.894260316723645;-0.708139723768772;1.0205509797551;1.63673444444746;0.0479748504895497;0.108366004911157;-1.09944011568458;-1.19305347150069;0.159509241657187;-0.45156148326753;-1.39505199294068;-1.67420678915295;0.170794345593681;0.960003963098754;-0.703872674674679;1.26349989066099;0.693581104678506;0.815572514215758;-0.420612105743455;0.49060670824905;-0.162572512147027;1.40789306010848;0.78378372232291;0.626656293701101;0.380143459140868;0.94395382810888;-1.76291232048309;1.53076778576799;0.753770990331505;-0.832214062911039;-0.0928310940968579
0.0353644028267898;-0.80631398696828;-1.01514781985929;-0.925929631887607;-0.726714955752148;-1.0090584668664;1.982571290084;-1.14415898909308;-1.4008761543293;1.61945585646333;-0.310051324983137;-1.29692361600989;-1.3128965077444;1.52189555870521;-1.11174182570786;-1.13836895157853;-1.70753260488611;1.38225549574555;-1.05563237444268;-0.780182886296133;1.14383148387992;-0.570973872028132;0.432406409972794;0.243908640573103;-0.947879303570405;-0.084622946991044;-1.0092372612842;-0.559370882572838;0.978923289288246;-0.562339137676408;-1.14912100316253;-0.130887225694609;-0.468569262700757;1.59176022948415;0.502948178866902;0.766751020889643;-0.0468370394797101;0.265580873921495;1.1123645167873;0.457676712242463;0.558574295469306;0.494037790129399;-0.803396460992061;0.725420194563039;1.65397446090756;1.68572772079469;0.798503186138425;0.460908866997583;-0.0375022210114199;-0.558963510162234;1.99485197930064;-1.25593305737149;0.712403172638594;1.79866374657436;0.859649043191891;-1.47823927487271;0.221567569040994;0.689209500569287;1.86950110134905;1.4457023307815;-0.875874069698172;0.467130657738632;-0.743311792376923;0.95673719334769;1.3722030330939;-1.80746252768571;0.580443817696042;-0.925656071983828;-0.724119186011935;-0.190030524234551;1.44619937744545
-0.238338879695351;1.36206070649151;-0.177058226783;-0.114330216374661;-1.44698745513389;-1.2526011811846;-1.43179040184336;-0.0612451226826751;-0.776102080491249;0.693684173735495;-0.50331454994948;1.05276509689315;-0.54109542300527;-0.359566595805415;-1.67824076659785;0.854514144578554;-0.578418329083045;-1.28804697584668;0.0296510550224634;-1.2979257319167;0.448910825820235;0.0859143260549062;-1.72899204948026;-0.372486436933556;-1.4608630894501;-0.808014060137881;-0.0750951182086098;1.18493108421652;1.4746582703641;-0.865315073319846;0.00909733047565679;-0.455873823298305;-1.82169130473835;0.0898946960058927;-0.277505218666371;-1.0004877733634;-1.35831725065112;-0.370363480885772;0.0332654953282718;1.40159174598456;-0.306151138531202;-1.26848427195451;0.427473210670304;-1.66852004800997;0.899800043474084;0.774422626750164;1.59680477218684;-0.845079058648434;0.656110182537481;-1.2203408176353;-0.831236013762324;-1.55822467607963;0.764978936985879;-0.763669793501792;-0.97995356631589;1.40149774241577;1.18260976531131;-1.56937622766066;-0.369467105527715;1.01711807996942;0.478793324128006;-1.04654829885587;0.0703906281215438;1.5089064361541;-0.975237928536326;1.50148686501382;1.06395736381481;0.958169336891781;1.44551765888162;0.916197010537394;0.436823954922664
